Car_Name,Selling_Price,Fuel_Type,Seller_Type,Transmission,Year,Present_Price,Kms_Driven,Owner,Year^2,Year Present_Price,Year Kms_Driven,Year Owner,Present_Price^2,Present_Price Kms_Driven,Present_Price Owner,Kms_Driven^2,Kms_Driven Owner,Owner^2,row_mean,row_std
ritz,3.35,Petrol,Dealer,Manual,2014.0,5.59,27000.0,0.0,4056196.0,11258.26,54378000.0,0.0,31.248099999999997,150930.0,0.0,729000000.0,0.0,0.0,56258959.64986428,187102618.07690874
sx4,4.75,Diesel,Dealer,Manual,2013.0,9.54,43000.0,0.0,4052169.0,19204.019999999997,86559000.0,0.0,91.01159999999999,410219.99999999994,0.0,1849000000.0,0.0,0.0,138577550.4694,474902826.6121938
ciaz,7.25,Petrol,Dealer,Manual,2017.0,9.85,6900.0,0.0,4068289.0,19867.45,13917300.0,0.0,97.0225,67965.0,0.0,47610000.0,0.0,0.0,4692317.523035714,12446197.2620564
wagon r,2.85,Petrol,Dealer,Manual,2011.0,4.15,5200.0,0.0,4044121.0,8345.650000000001,10457200.0,0.0,17.222500000000004,21580.000000000004,0.0,27040000.0,0.0,0.0,2969891.35875,7237731.231808066
swift,4.6,Diesel,Dealer,Manual,2014.0,6.87,42450.0,0.0,4056196.0,13836.18,85494300.0,0.0,47.1969,291631.5,0.0,1802002500.0,0.0,0.0,135135927.26763573,462823227.69933224
vitara brezza,9.25,Diesel,Dealer,Manual,2018.0,9.83,2071.0,0.0,4072324.0,19836.94,4179278.0,0.0,96.6289,20357.93,0.0,4289041.0,0.0,0.0,898930.9520642856,1714097.0215525262
ciaz,6.75,Petrol,Dealer,Manual,2015.0,8.12,18796.0,0.0,4060225.0,16361.8,37873940.0,0.0,65.93439999999998,152623.52,0.0,353289616.0,0.0,0.0,28243832.241028573,90670715.31306967
s cross,6.5,Diesel,Dealer,Manual,2015.0,8.61,33429.0,0.0,4060225.0,17349.149999999998,67359435.0,0.0,74.1321,287823.69,0.0,1117498041.0,0.0,0.0,84947028.61300714,286896169.3007139
ciaz,8.75,Diesel,Dealer,Manual,2016.0,8.89,20273.0,0.0,4064256.0,17922.24,40870368.0,0.0,79.03210000000001,180226.97,0.0,410994529.0,0.0,0.0,32582119.938007142,105472107.92028917
ciaz,7.45,Diesel,Dealer,Manual,2015.0,8.92,42367.0,0.0,4060225.0,17973.8,85369505.0,0.0,79.5664,377913.64,0.0,1794962689.0,0.0,0.0,134630912.6376,461011223.9667931
alto 800,2.85,Petrol,Dealer,Manual,2017.0,3.6,2135.0,0.0,4068289.0,7261.2,4306295.0,0.0,12.96,7686.0,0.0,4558225.0,0.0,0.0,925137.4828571428,1770600.7156746439
ciaz,6.85,Diesel,Dealer,Manual,2015.0,10.38,51000.0,0.0,4060225.0,20915.7,102765000.0,0.0,107.74440000000001,529380.0,0.0,2601000000.0,0.0,0.0,193459189.55888572,668249739.5430437
ciaz,7.5,Petrol,Dealer,Automatic,2015.0,9.94,15000.0,0.0,4060225.0,20029.1,30225000.0,0.0,98.80359999999999,149100.0,0.0,225000000.0,0.0,0.0,18533676.988828573,57784141.6424266
ertiga,6.1,Petrol,Dealer,Manual,2015.0,7.71,26000.0,0.0,4060225.0,15535.65,52390000.0,0.0,59.4441,200460.0,0.0,676000000.0,0.0,0.0,52335307.343150005,173491757.13372314
dzire,2.25,Petrol,Dealer,Manual,2009.0,7.21,77427.0,0.0,4036081.0,14484.89,155550843.0,0.0,51.9841,558248.67,0.0,5994940329.0,0.0,0.0,439655677.26815,1541274116.1841953
ertiga,7.75,Diesel,Dealer,Manual,2016.0,10.79,43000.0,0.0,4064256.0,21752.64,86688000.0,0.0,116.42409999999998,463969.99999999994,0.0,1849000000.0,0.0,0.0,138591651.56100714,474900403.29988766
ertiga,7.25,Diesel,Dealer,Manual,2015.0,10.79,41678.0,0.0,4060225.0,21741.85,83981170.0,0.0,116.42409999999998,449705.61999999994,0.0,1737055684.0,0.0,0.0,130400881.90600714,446123822.9845745
ertiga,7.75,Diesel,Dealer,Manual,2016.0,10.79,43000.0,0.0,4064256.0,21752.64,86688000.0,0.0,116.42409999999998,463969.99999999994,0.0,1849000000.0,0.0,0.0,138591651.56100714,474900403.29988766
wagon r,3.25,CNG,Dealer,Manual,2015.0,5.09,35500.0,0.0,4060225.0,10256.35,71532500.0,0.0,25.908099999999997,180695.0,0.0,1260250000.0,0.0,0.0,95433658.73915,323580119.8443439
sx4,2.65,Petrol,Dealer,Manual,2010.0,7.98,41442.0,0.0,4040100.0,16039.800000000001,83298420.0,0.0,63.680400000000006,330707.16000000003,0.0,1717439364.0,0.0,0.0,128940582.47288571,441085802.8148068
alto k10,2.85,Petrol,Dealer,Manual,2016.0,3.95,25000.0,0.0,4064256.0,7963.200000000001,50400000.0,0.0,15.602500000000001,98750.0,0.0,625000000.0,0.0,0.0,48542714.625178576,160399536.11803505
ignis,4.9,Petrol,Dealer,Manual,2017.0,5.71,2400.0,0.0,4068289.0,11517.07,4840800.0,0.0,32.6041,13704.0,0.0,5760000.0,0.0,0.0,1049911.81315,2030655.1174425061
sx4,4.4,Petrol,Dealer,Automatic,2011.0,8.01,50000.0,0.0,4044121.0,16108.109999999999,100550000.0,0.0,64.1601,400500.0,0.0,2500000000.0,0.0,0.0,186075915.16286427,642283169.2889864
alto k10,2.5,Petrol,Dealer,Manual,2014.0,3.46,45280.0,0.0,4056196.0,6968.44,91193920.0,0.0,11.9716,156668.8,0.0,2050278400.0,0.0,0.0,153267104.47654286,526654064.6600137
wagon r,2.9,Petrol,Dealer,Manual,2013.0,4.41,56879.0,0.0,4052169.0,8877.33,114497427.0,0.0,19.4481,250836.39,0.0,3235220641.0,0.0,0.0,239577776.18415,831359196.534457
swift,3.0,Petrol,Dealer,Manual,2011.0,4.99,20000.0,0.0,4044121.0,10034.890000000001,40220000.0,0.0,24.900100000000002,99800.0,0.0,400000000.0,0.0,0.0,31742571.19857857,102653279.89029409
swift,4.15,Petrol,Dealer,Manual,2013.0,5.87,55138.0,0.0,4052169.0,11816.31,110992794.0,0.0,34.456900000000005,323660.06,0.0,3040199044.0,0.0,0.0,225402619.62120715,781201335.9665227
swift,6.0,Petrol,Individual,Manual,2017.0,6.49,16200.0,0.0,4068289.0,13090.33,32675400.0,0.0,42.1201,105138.0,0.0,262440000.0,0.0,0.0,21380013.06715,67379272.14650148
alto k10,1.95,Petrol,Dealer,Manual,2010.0,3.95,44542.0,0.0,4040100.0,7939.5,89529420.0,0.0,15.602500000000001,175940.9,0.0,1983989764.0,0.0,0.0,148413552.56803572,509612955.3686852
ciaz,7.45,Diesel,Dealer,Manual,2015.0,10.38,45000.0,0.0,4060225.0,20915.7,90675000.0,0.0,107.74440000000001,467100.00000000006,0.0,2025000000.0,0.0,0.0,151447883.8446,520147863.62059003
ritz,3.1,Diesel,Dealer,Manual,2012.0,5.98,51439.0,0.0,4048144.0,12031.76,103495268.0,0.0,35.760400000000004,307605.22000000003,0.0,2645970721.0,0.0,0.0,196706233.05145714,679820460.6509371
ritz,2.35,Petrol,Dealer,Manual,2011.0,4.89,54200.0,0.0,4044121.0,9833.789999999999,108996200.0,0.0,23.912099999999995,265038.0,0.0,2937640000.0,0.0,0.0,217929388.04229286,754828282.9793521
swift,4.95,Diesel,Dealer,Manual,2014.0,7.49,39000.0,0.0,4056196.0,15084.86,78546000.0,0.0,56.100100000000005,292110.0,0.0,1521000000.0,0.0,0.0,114567890.60357857,390591656.71360534
ertiga,6.0,Diesel,Dealer,Manual,2014.0,9.95,45000.0,0.0,4056196.0,20039.3,90630000.0,0.0,99.00249999999998,447749.99999999994,0.0,2025000000.0,0.0,0.0,151442936.30375,520148740.48188436
dzire,5.5,Diesel,Dealer,Manual,2014.0,8.06,45000.0,0.0,4056196.0,16232.84,90630000.0,0.0,64.96360000000001,362700.0,0.0,2025000000.0,0.0,0.0,151436586.8474,520150584.3617366
sx4,2.95,CNG,Dealer,Manual,2011.0,7.74,49998.0,0.0,4044121.0,15565.140000000001,100545978.0,0.0,59.9076,386984.52,0.0,2499800004.0,0.0,0.0,186060337.8076857,642232032.5483527
dzire,4.65,Petrol,Dealer,Manual,2015.0,7.2,48767.0,0.0,4060225.0,14508.0,98265505.0,0.0,51.84,351122.4,0.0,2378220289.0,0.0,0.0,177211606.46,610968149.4675379
800,0.35,Petrol,Individual,Manual,2003.0,2.28,127000.0,0.0,4012009.0,4566.839999999999,254381000.0,0.0,5.1983999999999995,289560.0,0.0,16129000000.0,0.0,0.0,1170558296.1656,4149238077.5895514
alto k10,3.0,Petrol,Dealer,Manual,2016.0,3.76,10079.0,0.0,4064256.0,7580.16,20319264.0,0.0,14.137599999999999,37897.04,0.0,101586241.0,0.0,0.0,9001953.649828572,26206139.211137455
sx4,2.25,Petrol,Dealer,Manual,2003.0,7.98,62000.0,0.0,4012009.0,15983.94,124186000.0,0.0,63.680400000000006,494760.0,0.0,3844000000.0,0.0,0.0,283769487.68574286,987942407.1459678
baleno,5.85,Petrol,Dealer,Automatic,2016.0,7.87,24524.0,0.0,4064256.0,15865.92,49440384.0,0.0,61.9369,193003.88,0.0,601426576.0,0.0,0.0,46797621.11477857,154345297.34741595
alto k10,2.55,Petrol,Dealer,Manual,2014.0,3.98,46706.0,0.0,4056196.0,8015.72,94065884.0,0.0,15.8404,185889.88,0.0,2181450436.0,0.0,0.0,162843940.10145715,560378494.6163843
sx4,1.95,Petrol,Dealer,Manual,2008.0,7.15,58000.0,0.0,4032064.0,14357.2,116464000.0,0.0,51.1225,414700.0,0.0,3364000000.0,0.0,0.0,248927513.39089283,864480339.33955
dzire,5.5,Diesel,Dealer,Manual,2014.0,8.06,45780.0,0.0,4056196.0,16232.84,92200920.0,0.0,64.96360000000001,368986.80000000005,0.0,2095808400.0,0.0,0.0,156607043.0474,538355281.4791765
omni,1.25,Petrol,Dealer,Manual,2012.0,2.69,50000.0,0.0,4048144.0,5412.28,100600000.0,0.0,7.2360999999999995,134500.0,0.0,2500000000.0,0.0,0.0,186060005.58615,642288331.3696972
ciaz,7.5,Petrol,Dealer,Automatic,2014.0,12.04,15000.0,0.0,4056196.0,24248.559999999998,30210000.0,0.0,144.96159999999998,180600.0,0.0,225000000.0,0.0,0.0,18534872.540114287,57783184.193972945
ritz,2.65,Petrol,Dealer,Manual,2013.0,4.89,64532.0,0.0,4052169.0,9843.57,129902916.0,0.0,23.912099999999995,315561.48,0.0,4164379024.0,0.0,0.0,307051863.4180072,1070347476.6714076
wagon r,1.05,Petrol,Dealer,Manual,2006.0,4.15,65000.0,0.0,4024036.0,8324.900000000001,130390000.0,0.0,17.222500000000004,269750.0,0.0,4225000000.0,0.0,0.0,311411367.0194643,1085948047.5900204
ertiga,5.8,Petrol,Dealer,Manual,2015.0,7.71,25870.0,0.0,4060225.0,15535.65,52128050.0,0.0,59.4441,199457.7,0.0,669256900.0,0.0,0.0,51834865.75029285,171760362.88483065
ciaz,7.75,Petrol,Dealer,Automatic,2017.0,9.29,37000.0,0.0,4068289.0,18737.929999999997,74629000.0,0.0,86.30409999999999,343729.99999999994,0.0,1369000000.0,0.0,0.0,103435633.53743573,351523432.9210924
fortuner,14.9,Diesel,Dealer,Automatic,2012.0,30.61,104707.0,0.0,4048144.0,61587.32,210670484.0,0.0,936.9721,3205081.27,0.0,10963555849.0,0.0,0.0,798689202.2980071,2819742939.0891566
fortuner,23.0,Diesel,Dealer,Automatic,2015.0,30.61,40000.0,0.0,4060225.0,61679.15,80600000.0,0.0,936.9721,1224400.0,0.0,1600000000.0,0.0,0.0,120427806.19515,410876620.2473156
innova,18.0,Diesel,Dealer,Automatic,2017.0,19.77,15000.0,0.0,4068289.0,39876.09,30255000.0,0.0,390.8529,296550.0,0.0,225000000.0,0.0,0.0,18548367.336635716,57780631.16505341
fortuner,16.0,Diesel,Individual,Automatic,2013.0,30.61,135000.0,0.0,4052169.0,61617.93,271755000.0,0.0,936.9721,4132350.0,0.0,18225000000.0,0.0,0.0,1321795651.2508643,4688622222.900897
innova,2.75,Petrol,Individual,Manual,2005.0,10.21,90000.0,0.0,4020025.0,20471.050000000003,180450000.0,0.0,104.24410000000002,918900.0000000001,0.0,8100000000.0,0.0,0.0,591821536.8217214,2082907325.5523837
corolla altis,3.6,Petrol,Dealer,Automatic,2009.0,15.04,70000.0,0.0,4036081.0,30215.359999999997,140630000.0,0.0,226.20159999999998,1052800.0,0.0,4900000000.0,0.0,0.0,360415810.47154284,1259569098.9644237
etios cross,4.5,Petrol,Dealer,Manual,2015.0,7.27,40534.0,0.0,4060225.0,14649.05,81676010.0,0.0,52.85289999999999,294682.18,0.0,1643005156.0,0.0,0.0,123506666.52520715,421951159.4885329
corolla altis,4.75,Petrol,Dealer,Manual,2010.0,18.54,50000.0,0.0,4040100.0,37265.4,100500000.0,0.0,343.73159999999996,927000.0,0.0,2500000000.0,0.0,0.0,186111195.54797143,642272425.2946244
etios g,4.1,Petrol,Dealer,Manual,2014.0,6.8,39485.0,1.0,4056196.0,13695.199999999999,79522790.0,2014.0,46.239999999999995,268498.0,6.8,1559065225.0,39485.0,1.0,117357818.86,400375249.9663448
fortuner,19.99,Diesel,Dealer,Automatic,2014.0,35.96,41000.0,0.0,4056196.0,72423.44,82574000.0,0.0,1293.1216000000002,1474360.0,0.0,1681000000.0,0.0,0.0,126372951.60868572,431692382.06780064
corolla altis,6.95,Petrol,Dealer,Manual,2013.0,18.61,40001.0,0.0,4052169.0,37461.93,80522013.0,0.0,346.33209999999997,744418.61,0.0,1600080001.0,0.0,0.0,120391317.32015,410908384.9414714
etios cross,4.5,Petrol,Dealer,Manual,2015.0,7.7,40588.0,0.0,4060225.0,15515.5,81784820.0,0.0,59.290000000000006,312527.60000000003,0.0,1647385744.0,0.0,0.0,123828678.72071429,423076787.00862217
fortuner,18.75,Diesel,Dealer,Automatic,2014.0,35.96,78000.0,0.0,4056196.0,72423.44,157092000.0,0.0,1293.1216000000002,2804880.0,0.0,6084000000.0,0.0,0.0,446293345.8944,1564135309.2642875
fortuner,23.5,Diesel,Dealer,Automatic,2015.0,35.96,47000.0,0.0,4060225.0,72459.40000000001,94705000.0,0.0,1293.1216000000002,1690120.0,0.0,2209000000.0,0.0,0.0,164969867.7486857,567428949.9080479
fortuner,33.0,Diesel,Dealer,Automatic,2017.0,36.23,6000.0,0.0,4068289.0,73075.90999999999,12102000.0,0.0,1312.6128999999999,217379.99999999997,0.0,36000000.0,0.0,0.0,3747865.0537785715,9495905.587125478
etios liva,4.75,Diesel,Dealer,Manual,2014.0,6.95,45000.0,0.0,4056196.0,13997.300000000001,90630000.0,0.0,48.3025,312750.0,0.0,2025000000.0,0.0,0.0,151432858.0394643,520151667.6308067
innova,19.75,Petrol,Dealer,Automatic,2017.0,23.15,11000.0,0.0,4068289.0,46693.549999999996,22187000.0,0.0,535.9224999999999,254649.99999999997,0.0,121000000.0,0.0,0.0,10540729.187321428,31161312.428173512
fortuner,9.25,Diesel,Dealer,Manual,2010.0,20.45,59000.0,0.0,4040100.0,41104.5,118590000.0,0.0,418.2025,1206550.0,0.0,3481000000.0,0.0,0.0,257495657.36803573,894554405.498632
corolla altis,4.35,Petrol,Dealer,Manual,2011.0,13.74,88000.0,0.0,4044121.0,27631.14,176968000.0,0.0,188.7876,1209120.0,0.0,7744000000.0,0.0,0.0,566167077.5476857,1991288873.0424428
corolla altis,14.25,Petrol,Dealer,Manual,2016.0,20.91,12000.0,0.0,4064256.0,42154.56,24192000.0,0.0,437.2281,250920.0,0.0,144000000.0,0.0,0.0,12325986.049864287,37043234.27479459
etios liva,3.95,Diesel,Dealer,Manual,2014.0,6.76,71000.0,0.0,4056196.0,13614.64,142994000.0,0.0,45.697599999999994,479960.0,0.0,5041000000.0,0.0,0.0,370615488.3641143,1295849506.5107684
corolla altis,4.5,Diesel,Dealer,Manual,2011.0,12.48,45000.0,0.0,4044121.0,25097.280000000002,90495000.0,0.0,155.7504,561600.0,0.0,2025000000.0,0.0,0.0,151440928.39360002,520147647.3694167
corolla altis,7.45,Petrol,Dealer,Manual,2013.0,18.61,56001.0,0.0,4052169.0,37461.93,112730013.0,0.0,346.33209999999997,1042178.61,0.0,3136112001.0,0.0,0.0,232430871.6058643,805852986.7850002
etios liva,2.65,Petrol,Dealer,Manual,2011.0,5.71,43000.0,0.0,4044121.0,11482.81,86473000.0,0.0,32.6041,245530.0,0.0,1849000000.0,0.0,0.0,138558513.08029285,474907249.2343892
etios cross,4.9,Diesel,Dealer,Manual,2014.0,8.93,83000.0,0.0,4056196.0,17985.02,167162000.0,0.0,79.7449,741190.0,0.0,6889000000.0,0.0,0.0,504361605.2639214,1771297997.4230266
etios g,3.95,Petrol,Dealer,Manual,2015.0,6.8,36000.0,0.0,4060225.0,13702.0,72540000.0,0.0,46.239999999999995,244800.0,0.0,1296000000.0,0.0,0.0,98064056.78857143,332765765.8783264
corolla altis,5.5,Petrol,Dealer,Manual,2013.0,14.68,72000.0,0.0,4052169.0,29550.84,144936000.0,0.0,215.5024,1056960.0,0.0,5184000000.0,0.0,0.0,381010637.35874283,1332626635.8068988
corolla,1.5,Petrol,Dealer,Automatic,2004.0,12.35,135154.0,0.0,4016016.0,24749.399999999998,270848616.0,0.0,152.52249999999998,1669151.9,0.0,18266603716.0,0.0,0.0,1324521398.0123215,4699401118.002885
corolla altis,5.25,Petrol,Dealer,Automatic,2010.0,22.83,80000.0,0.0,4040100.0,45888.299999999996,160800000.0,0.0,521.2089,1826399.9999999998,0.0,6400000000.0,0.0,0.0,469056781.5956357,1645462952.7800512
fortuner,14.5,Diesel,Dealer,Automatic,2012.0,30.61,89000.0,0.0,4048144.0,61587.32,179068000.0,0.0,936.9721,2724290.0,0.0,7921000000.0,0.0,0.0,579071000.0644357,2036800801.0804944
corolla altis,14.73,Diesel,Dealer,Manual,2016.0,14.89,23000.0,0.0,4064256.0,30018.24,46368000.0,0.0,221.71210000000002,342470.0,0.0,529000000.0,0.0,0.0,41416428.34586429,135750069.92993444
etios gd,4.75,Diesel,Dealer,Manual,2015.0,7.85,40000.0,0.0,4060225.0,15817.75,80600000.0,0.0,61.622499999999995,314000.0,0.0,1600000000.0,0.0,0.0,120359437.65875001,410896530.82427037
innova,23.0,Diesel,Dealer,Automatic,2017.0,25.39,15000.0,0.0,4068289.0,51211.630000000005,30255000.0,0.0,644.6521,380850.0,0.0,225000000.0,0.0,0.0,18555216.97657857,57778467.82604525
innova,12.5,Diesel,Dealer,Manual,2015.0,13.46,38000.0,0.0,4060225.0,27121.9,76570000.0,0.0,181.1716,511480.00000000006,0.0,1444000000.0,0.0,0.0,108943502.6094,370795871.7861651
innova,3.49,Diesel,Dealer,Manual,2005.0,13.46,197176.0,0.0,4020025.0,26987.300000000003,395337880.0,0.0,181.1716,2653988.96,0.0,38878374976.0,0.0,0.0,2805758088.063686,10005257395.758806
camry,2.5,Petrol,Individual,Automatic,2006.0,23.73,142000.0,3.0,4024036.0,47602.38,284852000.0,6018.0,563.1129,3369660.0,71.19,20164000000.0,426000.0,9.0,1461204999.4580643,5187735424.655426
land cruiser,35.0,Diesel,Dealer,Manual,2010.0,92.6,78000.0,0.0,4040100.0,186126.0,156780000.0,0.0,8574.759999999998,7222800.0,0.0,6084000000.0,0.0,0.0,446594121.6685714,1564048231.0641234
corolla altis,5.9,Petrol,Dealer,Manual,2012.0,13.74,56000.0,0.0,4048144.0,27644.88,112672000.0,0.0,188.7876,769440.0,0.0,3136000000.0,0.0,0.0,232398245.9576857,805830660.0227208
etios liva,3.45,Petrol,Dealer,Manual,2013.0,6.05,47000.0,0.0,4052169.0,12178.65,94611000.0,0.0,36.6025,284350.0,0.0,2209000000.0,0.0,0.0,164857768.0930357,567460229.7456789
etios g,4.75,Petrol,Dealer,Manual,2014.0,6.76,40000.0,0.0,4056196.0,13614.64,80560000.0,0.0,45.697599999999994,270400.0,0.0,1600000000.0,0.0,0.0,120353019.79268572,410897845.3170314
corolla altis,3.8,Petrol,Dealer,Manual,2009.0,18.61,62000.0,0.0,4036081.0,37387.49,124558000.0,0.0,346.33209999999997,1153820.0,0.0,3844000000.0,0.0,0.0,283846404.4594357,987923702.3502777
innova,11.25,Diesel,Dealer,Manual,2014.0,16.09,58242.0,0.0,4056196.0,32405.26,117299388.0,0.0,258.8881,937113.78,0.0,3392130564.0,0.0,0.0,251036871.28700712,871700025.9986534
innova,3.51,Petrol,Dealer,Manual,2005.0,13.7,75000.0,0.0,4020025.0,27468.5,150375000.0,0.0,187.68999999999997,1027500.0,0.0,5625000000.0,0.0,0.0,412894799.99214286,1446090918.9288328
fortuner,23.0,Diesel,Dealer,Automatic,2015.0,30.61,40000.0,0.0,4060225.0,61679.15,80600000.0,0.0,936.9721,1224400.0,0.0,1600000000.0,0.0,0.0,120427806.19515,410876620.2473156
corolla altis,4.0,Petrol,Dealer,Automatic,2008.0,22.78,89000.0,0.0,4032064.0,45742.240000000005,178712000.0,0.0,518.9284,2027420.0,0.0,7921000000.0,0.0,0.0,578993483.9963143,2036820543.91837
corolla altis,5.85,Petrol,Dealer,Manual,2012.0,18.61,72000.0,0.0,4048144.0,37443.32,144864000.0,0.0,346.33209999999997,1339920.0,0.0,5184000000.0,0.0,0.0,381025991.73300713,1332621703.867871
innova,20.75,Diesel,Dealer,Automatic,2016.0,25.39,29000.0,0.0,4064256.0,51186.24,58464000.0,0.0,644.6521,736310.0,0.0,841000000.0,0.0,0.0,64596245.591578566,215853563.7661024
corolla altis,17.0,Petrol,Dealer,Manual,2017.0,18.64,8700.0,0.0,4068289.0,37596.880000000005,17547900.0,0.0,347.44960000000003,162168.0,0.0,75690000.0,0.0,0.0,6965502.640685714,19592689.021197412
corolla altis,7.05,Petrol,Dealer,Manual,2013.0,18.61,45000.0,0.0,4052169.0,37461.93,90585000.0,0.0,346.33209999999997,837450.0,0.0,2025000000.0,0.0,0.0,151468532.77657858,520140759.59938985
fortuner,9.65,Diesel,Dealer,Manual,2010.0,20.45,50024.0,0.0,4040100.0,41104.5,100548240.0,0.0,418.2025,1022990.7999999999,0.0,2502400576.0,0.0,0.0,186293248.85375,642887655.1760045
Royal Enfield Thunder 500,1.75,Petrol,Individual,Manual,2016.0,1.9,3000.0,0.0,4064256.0,3830.3999999999996,6048000.0,0.0,3.61,5700.0,0.0,9000000.0,0.0,0.0,1366200.565,2777016.452527068
UM Renegade Mojave,1.7,Petrol,Individual,Manual,2017.0,1.82,1400.0,0.0,4068289.0,3670.94,2823800.0,0.0,3.3124000000000002,2548.0,0.0,1960000.0,0.0,0.0,632980.7194571429,1274955.0005242766
KTM RC200,1.65,Petrol,Individual,Manual,2017.0,1.78,4000.0,0.0,4068289.0,3590.26,8068000.0,0.0,3.1684,7120.0,0.0,16000000.0,0.0,0.0,2010930.0863142856,4480353.347605317
Bajaj Dominar 400,1.45,Petrol,Individual,Manual,2017.0,1.6,1200.0,0.0,4068289.0,3227.2000000000003,2420400.0,0.0,2.5600000000000005,1920.0,0.0,1440000.0,0.0,0.0,566932.6685714285,1194725.134178499
Royal Enfield Classic 350,1.35,Petrol,Individual,Manual,2017.0,1.47,4100.0,0.0,4068289.0,2964.99,8269700.0,0.0,2.1609,6027.0,0.0,16810000.0,0.0,0.0,2083078.687207143,4681010.6054169135
KTM RC390,1.35,Petrol,Individual,Manual,2015.0,2.37,21700.0,0.0,4060225.0,4775.55,43725500.0,0.0,5.6169,51429.0,0.0,470890000.0,0.0,0.0,37053975.18120714,120843417.26435718
Hyosung GT250R,1.35,Petrol,Individual,Manual,2014.0,3.45,16500.0,1.0,4056196.0,6948.3,33231000.0,2014.0,11.902500000000002,56925.0,3.45,272250000.0,16500.0,1.0,22117008.435892858,69894077.79847533
Royal Enfield Thunder 350,1.25,Petrol,Individual,Manual,2013.0,1.5,15000.0,0.0,4052169.0,3019.5,30195000.0,0.0,2.25,22500.0,0.0,225000000.0,0.0,0.0,18520693.23214286,57787130.150132
Royal Enfield Thunder 350,1.2,Petrol,Individual,Manual,2016.0,1.5,18000.0,0.0,4064256.0,3024.0,36288000.0,0.0,2.25,27000.0,0.0,324000000.0,0.0,0.0,26028735.69642857,83162666.34892592
Royal Enfield Classic 350,1.2,Petrol,Individual,Manual,2017.0,1.47,11000.0,0.0,4068289.0,2964.99,22187000.0,0.0,2.1609,16170.0,0.0,121000000.0,0.0,0.0,10520531.758635715,31168060.69054552
KTM RC200,1.2,Petrol,Individual,Manual,2016.0,1.78,6000.0,0.0,4064256.0,3588.48,12096000.0,0.0,3.1684,10680.0,0.0,36000000.0,0.0,0.0,3727324.673457143,9503120.805963542
Royal Enfield Thunder 350,1.15,Petrol,Individual,Manual,2016.0,1.5,8700.0,0.0,4064256.0,3024.0,17539200.0,0.0,2.25,13050.0,0.0,75690000.0,0.0,0.0,6951446.410714285,19597014.298576236
KTM 390 Duke ,1.15,Petrol,Individual,Manual,2014.0,2.4,7000.0,0.0,4056196.0,4833.599999999999,14098000.0,0.0,5.76,16800.0,0.0,49000000.0,0.0,0.0,4798917.9828571435,12800089.551482733
Mahindra Mojo XT300,1.15,Petrol,Individual,Manual,2016.0,1.4,35000.0,0.0,4064256.0,2822.3999999999996,70560000.0,0.0,1.9599999999999997,49000.0,0.0,1225000000.0,0.0,0.0,92836649.84,314524496.6232652
Royal Enfield Classic 350,1.15,Petrol,Individual,Manual,2015.0,1.47,17000.0,0.0,4060225.0,2962.0499999999997,34255000.0,0.0,2.1609,24990.0,0.0,289000000.0,0.0,0.0,23383013.977207143,74189032.96943992
Royal Enfield Classic 350,1.11,Petrol,Individual,Manual,2015.0,1.47,17500.0,0.0,4060225.0,2962.0499999999997,35262500.0,0.0,2.1609,25725.0,0.0,306250000.0,0.0,0.0,24687209.334349997,78611420.72066882
Royal Enfield Classic 350,1.1,Petrol,Individual,Manual,2013.0,1.47,33000.0,0.0,4052169.0,2959.11,66429000.0,0.0,2.1609,48510.0,0.0,1089000000.0,0.0,0.0,82826261.05292143,279579733.36133593
Royal Enfield Thunder 500,1.1,Petrol,Individual,Manual,2015.0,1.9,14000.0,0.0,4060225.0,3828.5,28210000.0,0.0,3.61,26600.0,0.0,196000000.0,0.0,0.0,16308333.857857142,50359298.97408483
Royal Enfield Classic 350,1.1,Petrol,Individual,Manual,2015.0,1.47,26000.0,0.0,4060225.0,2962.0499999999997,52390000.0,0.0,2.1609,38220.0,0.0,676000000.0,0.0,0.0,52322816.12006428,173495516.71078178
Royal Enfield Thunder 500,1.05,Petrol,Individual,Manual,2013.0,1.9,5400.0,0.0,4052169.0,3824.7,10870200.0,0.0,3.61,10260.0,0.0,29160000.0,0.0,0.0,3150276.5864285715,7773341.2505208
Bajaj Pulsar RS200,1.05,Petrol,Individual,Manual,2016.0,1.26,5700.0,0.0,4064256.0,2540.16,11491200.0,0.0,1.5876000000000001,7182.0,0.0,32490000.0,0.0,0.0,3433064.0719714286,8615447.272817083
Royal Enfield Thunder 350,1.05,Petrol,Individual,Manual,2011.0,1.5,6900.0,0.0,4044121.0,3016.5,13875900.0,0.0,2.25,10350.0,0.0,47610000.0,0.0,0.0,4682307.303571428,12446088.771054154
Royal Enfield Bullet 350,1.05,Petrol,Individual,Manual,2016.0,1.17,6000.0,0.0,4064256.0,2358.72,12096000.0,0.0,1.3688999999999998,7020.0,0.0,36000000.0,0.0,0.0,3726975.2327785715,9503257.585621165
Royal Enfield Classic 350,1.0,Petrol,Individual,Manual,2013.0,1.47,46500.0,0.0,4052169.0,2959.11,93604500.0,0.0,2.1609,68355.0,0.0,2162250000.0,0.0,0.0,161430464.26720715,555444877.3429891
Royal Enfield Classic 500,0.95,Petrol,Individual,Manual,2012.0,1.75,11500.0,0.0,4048144.0,3521.0,23138000.0,0.0,3.0625,20125.0,0.0,132250000.0,0.0,0.0,11390950.486607144,34043318.020385295
Royal Enfield Classic 500,0.9,Petrol,Individual,Manual,2009.0,1.75,40000.0,0.0,4036081.0,3515.75,80360000.0,0.0,3.0625,70000.0,0.0,1600000000.0,0.0,0.0,120322257.89732143,410904036.9051341
Bajaj Avenger 220,0.9,Petrol,Individual,Manual,2017.0,0.95,1300.0,0.0,4068289.0,1916.1499999999999,2622100.0,0.0,0.9025,1235.0,0.0,1690000.0,0.0,0.0,599061.3573214286,1232252.6299124602
Bajaj Avenger 150,0.75,Petrol,Individual,Manual,2016.0,0.8,7000.0,0.0,4064256.0,1612.8000000000002,14112000.0,0.0,0.6400000000000001,5600.0,0.0,49000000.0,0.0,0.0,4799463.302857144,12801168.85266538
Honda CB Hornet 160R,0.8,Petrol,Individual,Manual,2017.0,0.87,3000.0,0.0,4068289.0,1754.79,6051000.0,0.0,0.7569,2610.0,0.0,9000000.0,0.0,0.0,1366333.7440642857,2777838.943506227
Yamaha FZ S V 2.0,0.78,Petrol,Individual,Manual,2017.0,0.84,5000.0,0.0,4068289.0,1694.28,10085000.0,0.0,0.7055999999999999,4200.0,0.0,25000000.0,0.0,0.0,2797585.844685714,6727807.10478636
Honda CB Hornet 160R,0.75,Petrol,Individual,Manual,2017.0,0.87,11000.0,0.0,4068289.0,1754.79,22187000.0,0.0,0.7569,9570.0,0.0,121000000.0,0.0,0.0,10519973.744064286,31168248.837168034
Yamaha FZ 16,0.75,Petrol,Individual,Manual,2015.0,0.82,18000.0,0.0,4060225.0,1652.3,36270000.0,0.0,0.6723999999999999,14760.0,0.0,324000000.0,0.0,0.0,26026189.5566,83162888.04680397
Bajaj Avenger 220,0.75,Petrol,Individual,Manual,2017.0,0.95,3500.0,0.0,4068289.0,1916.1499999999999,7059500.0,0.0,0.9025,3325.0,0.0,12250000.0,0.0,0.0,1670610.643035714,3559463.119572235
Bajaj Avenger 220,0.72,Petrol,Individual,Manual,2016.0,0.95,500.0,0.0,4064256.0,1915.1999999999998,1008000.0,0.0,0.9025,475.0,0.0,250000.0,0.0,0.0,380511.7180357143,1054571.7037036845
TVS Apache RTR 160,0.65,Petrol,Individual,Manual,2017.0,0.81,11800.0,0.0,4068289.0,1633.7700000000002,23800600.0,0.0,0.6561000000000001,9558.0,0.0,139240000.0,0.0,0.0,11938135.659721429,35832477.49763734
Bajaj Pulsar 150,0.65,Petrol,Individual,Manual,2015.0,0.74,5000.0,0.0,4060225.0,1491.1,10075000.0,0.0,0.5476,3700.0,0.0,25000000.0,0.0,0.0,2796245.170542857,6726946.23070555
Honda CBR 150,0.65,Petrol,Individual,Manual,2014.0,1.2,23500.0,0.0,4056196.0,2416.7999999999997,47329000.0,0.0,1.44,28200.0,0.0,552250000.0,0.0,0.0,43120809.24571429,141725310.81645823
Hero Extreme,0.65,Petrol,Individual,Manual,2013.0,0.787,16000.0,0.0,4052169.0,1584.231,32208000.0,0.0,0.6193690000000001,12592.0,0.0,256000000.0,0.0,0.0,20878025.688383497,65730667.101055965
Honda CB Hornet 160R,0.6,Petrol,Individual,Manual,2016.0,0.87,15000.0,0.0,4064256.0,1753.92,30240000.0,0.0,0.7569,13050.0,0.0,225000000.0,0.0,0.0,18524005.539064284,57787809.665014096
Bajaj Avenger 220 dtsi,0.6,Petrol,Individual,Manual,2015.0,0.95,16600.0,0.0,4060225.0,1914.25,33449000.0,0.0,0.9025,15770.0,0.0,275560000.0,0.0,0.0,22364680.435892858,70744070.99136274
Honda CBR 150,0.6,Petrol,Individual,Manual,2013.0,1.2,32000.0,0.0,4052169.0,2415.6,64416000.0,0.0,1.44,38400.0,0.0,1024000000.0,0.0,0.0,78038785.73142858,262879808.83991593
Bajaj Avenger 150 street,0.6,Petrol,Individual,Manual,2016.0,0.8,20000.0,0.0,4064256.0,1612.8000000000002,40320000.0,0.0,0.6400000000000001,16000.0,0.0,400000000.0,0.0,0.0,31744563.302857142,102655519.31771322
Yamaha FZ  v 2.0,0.6,Petrol,Individual,Manual,2015.0,0.84,29000.0,0.0,4060225.0,1692.6,58435000.0,0.0,0.7055999999999999,24360.0,0.0,841000000.0,0.0,0.0,64539449.58182857,215869896.0618955
Yamaha FZ  v 2.0,0.6,Petrol,Individual,Manual,2016.0,0.84,25000.0,0.0,4064256.0,1693.4399999999998,50400000.0,0.0,0.7055999999999999,21000.0,0.0,625000000.0,0.0,0.0,48536711.92754286,160401350.54281887
Bajaj Pulsar  NS 200,0.6,Petrol,Individual,Manual,2014.0,0.99,25000.0,0.0,4056196.0,1993.86,50350000.0,0.0,0.9801,24750.0,0.0,625000000.0,0.0,0.0,48532853.98786429,160401381.7282582
TVS Apache RTR 160,0.6,Petrol,Individual,Manual,2012.0,0.81,19000.0,0.0,4048144.0,1629.72,38228000.0,0.0,0.6561000000000001,15390.000000000002,0.0,361000000.0,0.0,0.0,28808155.513292857,92651432.23058748
Hero Extreme,0.55,Petrol,Individual,Manual,2014.0,0.787,15000.0,0.0,4056196.0,1585.018,30210000.0,0.0,0.6193690000000001,11805.0,0.0,225000000.0,0.0,0.0,18521185.816026356,57787552.20662767
Yamaha FZ S V 2.0,0.55,Petrol,Individual,Manual,2015.0,0.84,58000.0,0.0,4060225.0,1692.6,116870000.0,0.0,0.7055999999999999,48720.0,0.0,3364000000.0,0.0,0.0,248931475.29611427,864483114.6235062
Bajaj Pulsar 220 F,0.52,Petrol,Individual,Manual,2010.0,0.94,45000.0,0.0,4040100.0,1889.3999999999999,90450000.0,0.0,0.8835999999999999,42300.0,0.0,2025000000.0,0.0,0.0,151398664.3731143,520159367.7967791
Bajaj Pulsar 220 F,0.51,Petrol,Individual,Manual,2016.0,0.94,24000.0,0.0,4064256.0,1895.04,48384000.0,0.0,0.8835999999999999,22560.0,0.0,576000000.0,0.0,0.0,44892766.3474,147821920.89057964
TVS Apache RTR 180,0.5,Petrol,Individual,Manual,2011.0,0.826,6000.0,0.0,4044121.0,1661.086,12066000.0,0.0,0.6822759999999999,4956.0,0.0,36000000.0,0.0,0.0,3723196.471019714,9501400.838682814
Hero Passion X pro,0.5,Petrol,Individual,Manual,2016.0,0.55,31000.0,0.0,4064256.0,1108.8000000000002,62496000.0,0.0,0.30250000000000005,17050.0,0.0,961000000.0,0.0,0.0,73400816.54660715,246694685.69090885
Bajaj Pulsar NS 200,0.5,Petrol,Individual,Manual,2012.0,0.99,13000.0,0.0,4048144.0,1991.8799999999999,26156000.0,0.0,0.9801,12870.0,0.0,169000000.0,0.0,0.0,14231001.417864284,43446374.60588118
Bajaj Pulsar NS 200,0.5,Petrol,Individual,Manual,2013.0,0.99,45000.0,0.0,4052169.0,1992.87,90585000.0,0.0,0.9801,44550.0,0.0,2025000000.0,0.0,0.0,151409337.63143572,520157945.86208344
Yamaha Fazer ,0.5,Petrol,Individual,Manual,2014.0,0.88,8000.0,0.0,4056196.0,1772.32,16112000.0,0.0,0.7744,7040.0,0.0,64000000.0,0.0,0.0,6013358.8553142855,16617122.418565558
Honda Activa 4G,0.48,Petrol,Individual,Automatic,2017.0,0.51,4300.0,0.0,4068289.0,1028.67,8673100.0,0.0,0.2601,2193.0,0.0,18490000.0,0.0,0.0,2231494.8885785714,5098597.813507786
TVS Sport ,0.48,Petrol,Individual,Manual,2017.0,0.52,15000.0,0.0,4068289.0,1048.8400000000001,30255000.0,0.0,0.27040000000000003,7800.0,0.0,225000000.0,0.0,0.0,18524939.687885713,57788091.225762464
Yamaha FZ S V 2.0,0.48,Petrol,Individual,Manual,2015.0,0.84,23000.0,0.0,4060225.0,1692.6,46345000.0,0.0,0.7055999999999999,19320.0,0.0,529000000.0,0.0,0.0,41389375.29611428,135757720.10081622
Honda Dream Yuga ,0.48,Petrol,Individual,Manual,2017.0,0.54,8600.0,0.0,4068289.0,1089.18,17346200.0,0.0,0.2916,4644.0,0.0,73960000.0,0.0,0.0,6813631.4294,19156433.654498715
Honda Activa 4G,0.45,Petrol,Individual,Automatic,2017.0,0.51,4000.0,0.0,4068289.0,1028.67,8068000.0,0.0,0.2601,2040.0,0.0,16000000.0,0.0,0.0,2010383.9600071427,4480597.961867019
Bajaj Avenger Street 220,0.45,Petrol,Individual,Manual,2011.0,0.95,24000.0,0.0,4044121.0,1910.4499999999998,48264000.0,0.0,0.9025,22800.0,0.0,576000000.0,0.0,0.0,44882774.59303571,147822113.4969391
TVS Apache RTR 180,0.45,Petrol,Individual,Manual,2014.0,0.826,23000.0,0.0,4056196.0,1663.5639999999999,46322000.0,0.0,0.6822759999999999,18998.0,0.0,529000000.0,0.0,0.0,41387419.505162574,135757747.05613086
Bajaj Pulsar NS 200,0.45,Petrol,Individual,Manual,2012.0,0.99,14500.0,0.0,4048144.0,1991.8799999999999,29174000.0,0.0,0.9801,14355.0,0.0,210250000.0,0.0,0.0,17393214.632149998,54008754.48666765
Bajaj Avenger 220 dtsi,0.45,Petrol,Individual,Manual,2010.0,0.95,27000.0,0.0,4040100.0,1909.5,54270000.0,0.0,0.9025,25650.0,0.0,729000000.0,0.0,0.0,56240476.52517857,187105905.82144925
Hero Splender iSmart,0.45,Petrol,Individual,Manual,2016.0,0.54,14000.0,0.0,4064256.0,1088.64,28224000.0,0.0,0.2916,7560.000000000001,0.0,196000000.0,0.0,0.0,16308065.8194,50359968.83896274
Activa 3g,0.45,Petrol,Individual,Automatic,2016.0,0.54,500.0,0.0,4064256.0,1088.64,1008000.0,0.0,0.2916,270.0,0.0,250000.0,0.0,0.0,380437.96225714294,1054598.2241749116
Hero Passion Pro,0.45,Petrol,Individual,Manual,2016.0,0.55,1000.0,0.0,4064256.0,1108.8000000000002,2016000.0,0.0,0.30250000000000005,550.0,0.0,1000000.0,0.0,0.0,506066.54660714284,1133798.6888395993
TVS Apache RTR 160,0.42,Petrol,Individual,Manual,2014.0,0.81,42000.0,0.0,4056196.0,1631.3400000000001,84588000.0,0.0,0.6561000000000001,34020.0,0.0,1764000000.0,0.0,0.0,132337418.77186428,453059669.02016586
Honda CB Trigger,0.42,Petrol,Individual,Manual,2013.0,0.73,12000.0,0.0,4052169.0,1469.49,24156000.0,0.0,0.5328999999999999,8760.0,0.0,144000000.0,0.0,0.0,12302315.196635714,37049267.59232755
Hero Splender iSmart,0.4,Petrol,Individual,Manual,2015.0,0.54,14000.0,0.0,4060225.0,1088.1000000000001,28210000.0,0.0,0.2916,7560.000000000001,0.0,196000000.0,0.0,0.0,16306777.780828571,50359802.39603087
Yamaha FZ S ,0.4,Petrol,Individual,Manual,2012.0,0.83,5500.0,0.0,4048144.0,1669.9599999999998,11066000.0,0.0,0.6889,4565.0,0.0,30250000.0,0.0,0.0,3241278.034207143,8048176.446697194
Hero Passion Pro,0.4,Petrol,Individual,Manual,2015.0,0.55,6700.0,0.0,4060225.0,1108.25,13500500.0,0.0,0.30250000000000005,3685.0000000000005,0.0,44890000.0,0.0,0.0,4461731.0073214285,11756950.773644451
Bajaj Pulsar 135 LS,0.4,Petrol,Individual,Manual,2014.0,0.64,13700.0,0.0,4056196.0,1288.96,27591800.0,0.0,0.4096,8768.0,0.0,187690000.0,0.0,0.0,15668840.572114287,48231673.51090476
Activa 4g,0.4,Petrol,Individual,Automatic,2017.0,0.51,1300.0,0.0,4068289.0,1028.67,2622100.0,0.0,0.2601,663.0,0.0,1690000.0,0.0,0.0,598957.0314357142,1232303.2354223456
Honda CB Unicorn,0.38,Petrol,Individual,Manual,2015.0,0.72,38600.0,0.0,4060225.0,1450.8,77779000.0,0.0,0.5184,27792.0,0.0,1489960000.0,0.0,0.0,112276363.14559999,382619086.7877172
Hero Honda CBZ extreme,0.38,Petrol,Individual,Manual,2011.0,0.787,75000.0,0.0,4044121.0,1582.6570000000002,150825000.0,0.0,0.6193690000000001,59025.0,0.0,5625000000.0,0.0,0.0,412857624.3616692,1446104859.1881301
Honda Karizma,0.35,Petrol,Individual,Manual,2011.0,1.05,30000.0,0.0,4044121.0,2111.55,60330000.0,0.0,1.1025,31500.0,0.0,900000000.0,0.0,0.0,68888553.26446429,231025231.60333163
Honda Activa 125,0.35,Petrol,Individual,Automatic,2016.0,0.57,24000.0,0.0,4064256.0,1149.12,48384000.0,0.0,0.32489999999999997,13679.999999999998,0.0,576000000.0,0.0,0.0,44892078.715349995,147822129.64089358
TVS Jupyter,0.35,Petrol,Individual,Automatic,2014.0,0.52,19000.0,0.0,4056196.0,1047.28,38266000.0,0.0,0.27040000000000003,9880.0,0.0,361000000.0,0.0,0.0,28811009.86217143,92651690.25359128
Honda Karizma,0.31,Petrol,Individual,Manual,2010.0,1.05,213000.0,0.0,4040100.0,2110.5,428130000.0,0.0,1.1025,223650.0,0.0,45369000000.0,0.0,0.0,3271543633.7608924,11676250328.423948
Hero Honda Passion Pro,0.3,Petrol,Individual,Manual,2012.0,0.51,60000.0,0.0,4048144.0,1026.1200000000001,120720000.0,0.0,0.2601,30600.0,0.0,3600000000.0,0.0,0.0,266061555.92072144,925185201.10709
Hero Splender Plus,0.3,Petrol,Individual,Manual,2016.0,0.48,50000.0,0.0,4064256.0,967.68,100800000.0,0.0,0.2304,24000.0,0.0,2500000000.0,0.0,0.0,186067231.45645714,642288484.169338
Honda CB Shine,0.3,Petrol,Individual,Manual,2013.0,0.58,30000.0,0.0,4052169.0,1167.54,60390000.0,0.0,0.3364,17400.0,0.0,900000000.0,0.0,0.0,68892339.31831428,231025232.3181671
Bajaj Discover 100,0.27,Petrol,Individual,Manual,2013.0,0.47,21000.0,0.0,4052169.0,946.1099999999999,42273000.0,0.0,0.22089999999999999,9870.0,0.0,441000000.0,0.0,0.0,34811357.057207145,113174580.38158429
Bajaj Pulsar 150,0.25,Petrol,Individual,Manual,2008.0,0.75,26000.0,1.0,4032064.0,1506.0,52208000.0,2008.0,0.5625,19500.0,0.75,676000000.0,26000.0,1.0,52308363.57589286,173495908.95688358
Suzuki Access 125,0.25,Petrol,Individual,Automatic,2008.0,0.58,1900.0,0.0,4032064.0,1164.6399999999999,3815200.0,0.0,0.3364,1102.0,0.0,3610000.0,0.0,0.0,818817.1111714287,1568869.9502528894
TVS Wego,0.25,Petrol,Individual,Automatic,2010.0,0.52,22000.0,0.0,4040100.0,1045.2,44220000.0,0.0,0.27040000000000003,11440.0,0.0,484000000.0,0.0,0.0,38021185.42788572,124208690.70388661
Honda CB twister,0.25,Petrol,Individual,Manual,2013.0,0.51,32000.0,0.0,4052169.0,1026.63,64416000.0,0.0,0.2601,16320.0,0.0,1024000000.0,0.0,0.0,78037109.24286428,262880306.35352105
Hero Glamour,0.25,Petrol,Individual,Manual,2013.0,0.57,18000.0,0.0,4052169.0,1147.4099999999999,36234000.0,0.0,0.32489999999999997,10260.0,0.0,324000000.0,0.0,0.0,26022685.021778572,83162835.69163877
Hero Super Splendor,0.2,Petrol,Individual,Manual,2005.0,0.57,55000.0,0.0,4020025.0,1142.85,110275000.0,0.0,0.32489999999999997,31349.999999999996,0.0,3025000000.0,0.0,0.0,224241751.69606426,777303978.7527086
Bajaj Pulsar 150,0.2,Petrol,Individual,Manual,2008.0,0.75,60000.0,0.0,4032064.0,1506.0,120480000.0,0.0,0.5625,45000.0,0.0,3600000000.0,0.0,0.0,266044327.09375,925187915.9650553
Bajaj Discover 125,0.2,Petrol,Individual,Manual,2012.0,0.57,25000.0,1.0,4048144.0,1146.84,50300000.0,2012.0,0.32489999999999997,14249.999999999998,0.57,625000000.0,25000.0,1.0,48529826.30749286,160401162.79241487
Hero Hunk,0.2,Petrol,Individual,Manual,2007.0,0.75,49000.0,1.0,4028049.0,1505.25,98343000.0,2007.0,0.5625,36750.0,0.75,2401000000.0,49000.0,1.0,178822237.3080357,616835534.9922647
Hero  Ignitor Disc,0.2,Petrol,Individual,Manual,2013.0,0.65,24000.0,1.0,4052169.0,1308.45,48312000.0,2013.0,0.42250000000000004,15600.0,0.65,576000000.0,24000.0,1.0,44888079.08375,147821638.61732998
Hero  CBZ Xtreme,0.2,Petrol,Individual,Manual,2008.0,0.787,50000.0,0.0,4032064.0,1580.296,100400000.0,0.0,0.6193690000000001,39350.0,0.0,2500000000.0,0.0,0.0,186037500.26445493,642292606.9129237
Bajaj  ct 100,0.18,Petrol,Individual,Manual,2015.0,0.32,35000.0,0.0,4060225.0,644.8000000000001,70525000.0,0.0,0.1024,11200.0,0.0,1225000000.0,0.0,0.0,92831006.08731428,314525597.7239378
Activa 3g,0.17,Petrol,Individual,Automatic,2008.0,0.52,500000.0,0.0,4032064.0,1044.16,1004000000.0,0.0,0.27040000000000003,260000.0,0.0,250000000000.0,0.0,0.0,17929199651.210743,64365375136.633316
Honda CB twister,0.16,Petrol,Individual,Manual,2010.0,0.51,33000.0,0.0,4040100.0,1025.1,66330000.0,0.0,0.2601,16830.0,0.0,1089000000.0,0.0,0.0,82815926.13357857,279581103.23255765
Bajaj Discover 125,0.15,Petrol,Individual,Manual,2011.0,0.57,35000.0,1.0,4044121.0,1146.27,70385000.0,2011.0,0.32489999999999997,19950.0,0.57,1225000000.0,35000.0,1.0,92823160.19535,314525658.62126243
Honda CB Shine,0.12,Petrol,Individual,Manual,2007.0,0.58,53000.0,0.0,4028049.0,1164.06,106371000.0,0.0,0.3364,30739.999999999996,0.0,2809000000.0,0.0,0.0,208534711.4983143,721753710.2672452
Bajaj Pulsar 150,0.1,Petrol,Individual,Manual,2006.0,0.75,92233.0,0.0,4024036.0,1504.5,185019398.0,0.0,0.5625,69174.75,0.0,8506926289.0,0.0,0.0,621152474.46875,2187634366.791453
i20,3.25,Diesel,Dealer,Manual,2010.0,6.79,58000.0,1.0,4040100.0,13647.9,116580000.0,2010.0,46.1041,393820.0,6.79,3364000000.0,58000.0,1.0,248939117.82743573,864478116.6956298
grand i10,4.4,Petrol,Dealer,Manual,2015.0,5.7,28200.0,0.0,4060225.0,11485.5,56823000.0,0.0,32.49,160740.0,0.0,795240000.0,0.0,0.0,61166121.69214286,204113746.46165934
i10,2.95,Petrol,Dealer,Manual,2011.0,4.6,53460.0,0.0,4044121.0,9250.599999999999,107508060.0,0.0,21.159999999999997,245915.99999999997,0.0,2857971600.0,0.0,0.0,212131031.74,734340424.3133221
eon,2.75,Petrol,Dealer,Manual,2015.0,4.43,28282.0,0.0,4060225.0,8926.449999999999,56988230.0,0.0,19.624899999999997,125289.26,0.0,799871524.0,0.0,0.0,61506036.840349995,205304080.97735476
grand i10,5.25,Petrol,Dealer,Manual,2016.0,5.7,3493.0,1.0,4064256.0,11491.2,7041888.0,2016.0,32.49,19910.100000000002,5.7,12201049.0,3493.0,1.0,1667832.7278571427,3545915.1248444966
xcent,5.75,Petrol,Dealer,Manual,2017.0,7.13,12479.0,0.0,4068289.0,14381.21,25170143.0,0.0,50.8369,88975.27,0.0,155725441.0,0.0,0.0,13220127.389064286,40047920.91743114
grand i10,5.15,Petrol,Dealer,Automatic,2015.0,5.7,34797.0,0.0,4060225.0,11485.5,70115955.0,0.0,32.49,198342.9,0.0,1210831209.0,0.0,0.0,91803861.97071429,310880512.5227144
i20,7.9,Petrol,Dealer,Manual,2017.0,8.1,3435.0,0.0,4068289.0,16337.699999999999,6928395.0,0.0,65.61,27823.5,0.0,11799225.0,0.0,0.0,1631828.279285714,3448563.9945239397
grand i10,4.85,Diesel,Dealer,Manual,2015.0,5.7,21125.0,0.0,4060225.0,11485.5,42566875.0,0.0,32.49,120412.5,0.0,446265625.0,0.0,0.0,35217700.085,114523060.00555167
i10,3.1,Petrol,Dealer,Manual,2012.0,4.6,35775.0,0.0,4048144.0,9255.199999999999,71979300.0,0.0,21.159999999999997,164565.0,0.0,1279850625.0,0.0,0.0,96863550.14,328618253.88633823
elantra,11.75,Diesel,Dealer,Manual,2015.0,14.79,43535.0,0.0,4060225.0,29801.85,87723025.0,0.0,218.74409999999997,643882.6499999999,0.0,1895296225.0,0.0,0.0,141985638.78815,486798661.0576116
creta,11.25,Petrol,Dealer,Manual,2016.0,13.6,22671.0,0.0,4064256.0,27417.6,45704736.0,0.0,184.95999999999998,308325.6,0.0,513974241.0,0.0,0.0,40293132.982857145,131894315.34853515
i20,2.9,Petrol,Dealer,Manual,2011.0,6.79,31604.0,0.0,4044121.0,13654.69,63555644.0,0.0,46.1041,214591.16,0.0,998812816.0,0.0,0.0,76191035.33886428,256405333.31305864
grand i10,5.25,Petrol,Dealer,Manual,2017.0,5.7,20114.0,0.0,4068289.0,11496.9,40569938.0,0.0,32.49,114649.8,0.0,404572996.0,0.0,0.0,32097109.920714285,103826314.8273704
verna,4.5,Petrol,Dealer,Manual,2012.0,9.4,36100.0,0.0,4048144.0,18912.8,72633200.0,0.0,88.36000000000001,339340.0,0.0,1303210000.0,0.0,0.0,98591986.18285714,334617379.9789791
eon,2.9,Petrol,Dealer,Manual,2016.0,4.43,12500.0,0.0,4064256.0,8930.88,25200000.0,0.0,19.624899999999997,55375.0,0.0,156250000.0,0.0,0.0,13256650.138207141,40182868.74037231
eon,3.15,Petrol,Dealer,Manual,2016.0,4.43,15000.0,0.0,4064256.0,8930.88,30240000.0,0.0,19.624899999999997,66450.0,0.0,225000000.0,0.0,0.0,18528334.06677857,57786424.63861415
verna,6.45,Petrol,Dealer,Manual,2014.0,9.4,45078.0,0.0,4056196.0,18931.600000000002,90787092.0,0.0,88.36000000000001,423733.2,0.0,2032026084.0,0.0,0.0,151954230.46857142,521955642.7923164
verna,4.5,Petrol,Dealer,Manual,2012.0,9.4,36000.0,0.0,4048144.0,18912.8,72432000.0,0.0,88.36000000000001,338400.0,0.0,1296000000.0,0.0,0.0,98062540.46857142,332764527.6921003
eon,3.5,Petrol,Dealer,Manual,2017.0,4.43,38488.0,0.0,4068289.0,8935.31,77630296.0,0.0,19.624899999999997,170501.84,0.0,1481326144.0,0.0,0.0,111660335.37177858,380396199.69858146
i20,4.5,Petrol,Dealer,Automatic,2013.0,6.79,32000.0,0.0,4052169.0,13668.27,64416000.0,0.0,46.1041,217280.0,0.0,1024000000.0,0.0,0.0,78052370.22600713,262875781.98844513
i20,6.0,Diesel,Dealer,Manual,2014.0,7.6,77632.0,0.0,4056196.0,15306.4,156350848.0,0.0,57.76,590003.2,0.0,6026727424.0,0.0,0.0,441987106.3542857,1549446200.7760513
verna,8.25,Diesel,Dealer,Manual,2015.0,9.4,61381.0,0.0,4060225.0,18941.0,123682715.0,0.0,88.36000000000001,576981.4,0.0,3767627161.0,0.0,0.0,278287822.6542857,968286818.8356636
verna,5.11,Petrol,Dealer,Automatic,2013.0,9.4,36198.0,0.0,4052169.0,18922.2,72866574.0,0.0,88.36000000000001,340261.2,0.0,1310295204.0,0.0,0.0,99115102.79714286,336437889.22864443
i10,2.7,Petrol,Dealer,Manual,2011.0,4.6,22517.0,0.0,4044121.0,9250.599999999999,45281687.0,0.0,21.159999999999997,103578.2,0.0,507015289.0,0.0,0.0,39748462.82571428,130113175.06006576
grand i10,5.25,Petrol,Dealer,Manual,2015.0,5.7,24678.0,0.0,4060225.0,11485.5,49726170.0,0.0,32.49,140664.6,0.0,609003684.0,0.0,0.0,47354925.735,156291814.790671
i10,2.55,Petrol,Dealer,Manual,2011.0,4.43,57000.0,0.0,4044121.0,8908.73,114627000.0,0.0,19.624899999999997,252509.99999999997,0.0,3249000000.0,0.0,0.0,240570826.77035,834904453.6196855
verna,4.95,Diesel,Dealer,Manual,2012.0,9.4,60000.0,0.0,4048144.0,18912.8,120720000.0,0.0,88.36000000000001,564000.0,0.0,3600000000.0,0.0,0.0,266100940.46857142,925173886.3846076
i20,3.1,Diesel,Dealer,Manual,2012.0,6.79,52132.0,0.0,4048144.0,13661.48,104889584.0,0.0,46.1041,353976.28,0.0,2717745424.0,0.0,0.0,201936070.47529286,698276657.1227893
verna,6.15,Diesel,Dealer,Manual,2013.0,9.4,45000.0,0.0,4052169.0,18922.2,90585000.0,0.0,88.36000000000001,423000.0,0.0,2025000000.0,0.0,0.0,151437585.85428572,520149734.61518586
verna,9.25,Petrol,Dealer,Manual,2017.0,9.4,15001.0,0.0,4068289.0,18959.8,30257017.0,0.0,88.36000000000001,141009.4,0.0,225030001.0,0.0,0.0,18538027.997142855,57792325.94081834
elantra,11.45,Petrol,Dealer,Automatic,2015.0,14.79,12900.0,0.0,4060225.0,29801.85,25993500.0,0.0,218.74409999999997,190791.0,0.0,166410000.0,0.0,0.0,14049961.88457857,42779211.426447146
grand i10,3.9,Diesel,Dealer,Manual,2013.0,5.7,53000.0,0.0,4052169.0,11474.1,106689000.0,0.0,32.49,302100.0,0.0,2809000000.0,0.0,0.0,208579271.02071428,721744201.065836
grand i10,5.5,Petrol,Dealer,Manual,2015.0,5.7,4492.0,0.0,4060225.0,11485.5,9051380.0,0.0,32.49,25604.4,0.0,20178064.0,0.0,0.0,2380950.2921428573,5517524.324325536
verna,9.1,Petrol,Dealer,Manual,2017.0,9.4,15141.0,0.0,4068289.0,18959.8,30539397.0,0.0,88.36000000000001,142325.4,0.0,229249881.0,0.0,0.0,18859721.997142855,58873403.49003812
eon,3.1,Petrol,Dealer,Manual,2016.0,4.43,11849.0,0.0,4064256.0,8930.88,23887584.0,0.0,19.624899999999997,52491.07,0.0,140398801.0,0.0,0.0,12030425.143207144,36127478.007146895
creta,11.25,Diesel,Dealer,Manual,2015.0,13.6,68000.0,0.0,4060225.0,27404.0,137020000.0,0.0,184.95999999999998,924800.0,0.0,4624000000.0,0.0,0.0,340435903.04,1188565022.2420049
verna,4.8,Petrol,Dealer,Manual,2013.0,9.4,60241.0,0.0,4052169.0,18922.2,121265133.0,0.0,88.36000000000001,566265.4,0.0,3628978081.0,0.0,0.0,268210208.74,932626470.3424633
eon,2.0,Petrol,Dealer,Manual,2012.0,4.43,23709.0,0.0,4048144.0,8913.16,47702508.0,0.0,19.624899999999997,105030.87,0.0,562116681.0,0.0,0.0,43857644.43463571,144256267.45976233
verna,5.35,Diesel,Dealer,Manual,2012.0,9.4,32322.0,0.0,4048144.0,18912.8,65031864.0,0.0,88.36000000000001,303826.8,0.0,1044711684.0,0.0,0.0,79582061.66857143,268195273.16285488
xcent,4.75,Petrol,Dealer,Manual,2015.0,7.13,35866.0,1.0,4060225.0,14366.949999999999,72269990.0,2015.0,50.8369,255724.58,7.13,1286369956.0,35866.0,1.0,97360435.11620714,330289960.0782822
xcent,4.4,Petrol,Dealer,Manual,2014.0,7.13,34000.0,0.0,4056196.0,14359.82,68476000.0,0.0,50.8369,242420.0,0.0,1156000000.0,0.0,0.0,87773217.69906428,296790395.8546993
i20,6.25,Petrol,Dealer,Manual,2016.0,7.6,7000.0,0.0,4064256.0,15321.599999999999,14112000.0,0.0,57.76,53200.0,0.0,49000000.0,0.0,0.0,4803847.068571429,12799532.875621172
verna,5.95,Diesel,Dealer,Manual,2013.0,9.4,49000.0,0.0,4052169.0,18922.2,98637000.0,0.0,88.36000000000001,460600.0,0.0,2401000000.0,0.0,0.0,178872842.99714285,616824238.5275767
verna,5.2,Diesel,Dealer,Manual,2012.0,9.4,71000.0,0.0,4048144.0,18912.8,142852000.0,0.0,88.36000000000001,667400.0,0.0,5041000000.0,0.0,0.0,370618540.4685715,1295847519.0461426
i20,3.75,Petrol,Dealer,Manual,2012.0,6.79,35000.0,0.0,4048144.0,13661.48,70420000.0,0.0,46.1041,237650.0,0.0,1225000000.0,0.0,0.0,92839751.45529285,314521331.26150435
verna,5.95,Petrol,Dealer,Manual,2015.0,9.4,36000.0,0.0,4060225.0,18941.0,72540000.0,0.0,88.36000000000001,338400.0,0.0,1296000000.0,0.0,0.0,98071119.91142857,332763690.214338
i10,4.0,Petrol,Dealer,Manual,2013.0,4.6,30000.0,0.0,4052169.0,9259.8,60390000.0,0.0,21.159999999999997,138000.0,0.0,900000000.0,0.0,0.0,68901533.39714286,231022493.33046007
i20,5.25,Petrol,Dealer,Manual,2016.0,7.6,17000.0,0.0,4064256.0,15321.599999999999,34272000.0,0.0,57.76,129200.0,0.0,289000000.0,0.0,0.0,23392847.068571426,74186517.48207864
creta,12.9,Diesel,Dealer,Manual,2016.0,13.6,35934.0,0.0,4064256.0,27417.6,72442944.0,0.0,184.95999999999998,488702.39999999997,0.0,1291252356.0,0.0,0.0,97736701.75428571,331540011.14793235
city,5.0,Petrol,Dealer,Manual,2013.0,9.9,56701.0,0.0,4052169.0,19928.7,114139113.0,0.0,98.01,561339.9,0.0,3215003401.0,0.0,0.0,238131055.2507143,826152949.8526303
brio,5.4,Petrol,Dealer,Automatic,2015.0,6.82,31427.0,0.0,4060225.0,13742.300000000001,63325405.0,0.0,46.51240000000001,214332.14,0.0,987656329.0,0.0,0.0,75378823.48374286,253538405.83415577
city,7.2,Diesel,Dealer,Manual,2014.0,9.9,48000.0,0.0,4056196.0,19938.600000000002,96672000.0,0.0,98.01,475200.0,0.0,2304000000.0,0.0,0.0,171805246.89357144,591881959.5631493
city,5.25,Petrol,Dealer,Manual,2013.0,9.9,54242.0,0.0,4052169.0,19928.7,109189146.0,0.0,98.01,536995.8,0.0,2942194564.0,0.0,0.0,218289226.17214283,755992499.3078966
brio,3.0,Petrol,Dealer,Manual,2012.0,5.35,53675.0,0.0,4048144.0,10764.199999999999,107994100.0,0.0,28.622499999999995,287161.25,0.0,2881005625.0,0.0,0.0,213814393.95875,740262515.1619011
city,10.25,Petrol,Dealer,Manual,2016.0,13.6,49562.0,0.0,4064256.0,27417.6,99916992.0,0.0,184.95999999999998,674043.2,0.0,2456391844.0,0.0,0.0,182937594.9542857,631061180.0324975
city,8.5,Petrol,Dealer,Manual,2015.0,13.6,40324.0,0.0,4060225.0,27404.0,81252860.0,0.0,184.95999999999998,548406.4,0.0,1626024976.0,0.0,0.0,122282600.64,417580920.8594669
city,8.4,Petrol,Dealer,Manual,2015.0,13.6,25000.0,0.0,4060225.0,27404.0,50375000.0,0.0,184.95999999999998,340000.0,0.0,625000000.0,0.0,0.0,48559274.468571424,160393979.0273865
amaze,3.9,Petrol,Dealer,Manual,2014.0,7.0,36054.0,0.0,4056196.0,14098.0,72612756.0,0.0,49.0,252378.0,0.0,1299890916.0,0.0,0.0,98347462.0,333765785.9092642
city,9.15,Petrol,Dealer,Manual,2016.0,13.6,29223.0,0.0,4064256.0,27417.6,58913568.0,0.0,184.95999999999998,397432.8,0.0,853983729.0,0.0,0.0,65529845.78285714,219196168.82635984
brio,5.5,Petrol,Dealer,Manual,2016.0,5.97,5600.0,0.0,4064256.0,12035.519999999999,11289600.0,0.0,35.640899999999995,33432.0,0.0,31360000.0,0.0,0.0,3340498.652207143,8328947.393346615
amaze,4.0,Petrol,Dealer,Manual,2015.0,5.8,40023.0,0.0,4060225.0,11687.0,80646345.0,0.0,33.64,232133.4,0.0,1601840529.0,0.0,0.0,120488071.20285714,411371417.1727233
jazz,6.6,Petrol,Dealer,Manual,2016.0,7.7,16002.0,0.0,4064256.0,15523.2,32260032.0,0.0,59.290000000000006,123215.40000000001,0.0,256064004.0,0.0,0.0,20896079.685000002,65744620.43299315
amaze,4.0,Petrol,Dealer,Manual,2015.0,7.0,40026.0,0.0,4060225.0,14105.0,80652390.0,0.0,49.0,280182.0,0.0,1602080676.0,0.0,0.0,120509262.5,411432090.6717442
jazz,6.5,Petrol,Dealer,Manual,2017.0,8.7,21200.0,0.0,4068289.0,17547.899999999998,42760400.0,0.0,75.68999999999998,184439.99999999997,0.0,449440000.0,0.0,0.0,35463855.59214286,115336080.47003298
amaze,3.65,Petrol,Dealer,Manual,2014.0,7.0,35000.0,0.0,4056196.0,14098.0,70490000.0,0.0,49.0,245000.0,0.0,1225000000.0,0.0,0.0,92845883.14285715,314520649.111665
city,8.35,Diesel,Dealer,Manual,2016.0,9.4,19434.0,0.0,4064256.0,18950.4,39178944.0,0.0,88.36000000000001,182679.6,0.0,377680356.0,0.0,0.0,30081909.554285713,96926000.97008124
brio,4.8,Petrol,Dealer,Manual,2017.0,5.8,19000.0,0.0,4068289.0,11698.6,38323000.0,0.0,33.64,110200.0,0.0,361000000.0,0.0,0.0,28823874.574285716,92649414.27373102
city,6.7,Petrol,Dealer,Manual,2015.0,10.0,18828.0,0.0,4060225.0,20150.0,37938420.0,0.0,100.0,188280.0,0.0,354493584.0,0.0,0.0,28337258.0,90978625.34559461
city,4.1,Petrol,Dealer,Manual,2011.0,10.0,69341.0,0.0,4044121.0,20110.0,139444751.0,0.0,100.0,693410.0,0.0,4808174281.0,0.0,0.0,353746295.35714287,1235952247.5546482
city,3.0,Petrol,Dealer,Manual,2009.0,10.0,69562.0,0.0,4036081.0,20090.0,139750058.0,0.0,100.0,695620.0,0.0,4838871844.0,0.0,0.0,355960383.85714287,1243851117.9911702
city,7.5,Petrol,Dealer,Manual,2015.0,10.0,27600.0,0.0,4060225.0,20150.0,55614000.0,0.0,100.0,276000.0,0.0,761760000.0,0.0,0.0,58697150.0,195512659.7138165
jazz,2.25,Petrol,Dealer,Manual,2010.0,7.5,61203.0,0.0,4040100.0,15075.0,123018030.0,0.0,56.25,459022.5,0.0,3745807209.0,0.0,0.0,276671622.375,962680818.1546845
brio,5.3,Petrol,Dealer,Manual,2014.0,6.8,16500.0,0.0,4056196.0,13695.199999999999,33231000.0,0.0,46.239999999999995,112200.0,0.0,272250000.0,0.0,0.0,22120118.445714287,69893098.3098798
city,10.9,Petrol,Dealer,Automatic,2016.0,13.6,30753.0,0.0,4064256.0,27417.6,61998048.0,0.0,184.95999999999998,418240.8,0.0,945747009.0,0.0,0.0,72306281.35428572,242767243.21074575
city,8.65,Petrol,Dealer,Manual,2015.0,13.6,24800.0,0.0,4060225.0,27404.0,49972000.0,0.0,184.95999999999998,337280.0,0.0,615040000.0,0.0,0.0,47818851.61142857,157836942.75306067
city,9.7,Petrol,Dealer,Manual,2015.0,13.6,21780.0,0.0,4060225.0,27404.0,43886700.0,0.0,184.95999999999998,296208.0,0.0,474368400.0,0.0,0.0,37333066.46857143,121730201.03721981
jazz,6.0,Petrol,Dealer,Manual,2016.0,8.4,4000.0,0.0,4064256.0,16934.4,8064000.0,0.0,70.56,33600.0,0.0,16000000.0,0.0,0.0,2013206.097142857,4478565.822597358
city,6.25,Petrol,Dealer,Manual,2014.0,13.6,40126.0,0.0,4056196.0,27390.399999999998,80813764.0,0.0,184.95999999999998,545713.6,0.0,1610095876.0,0.0,0.0,121112948.46857142,413486871.3793607
brio,5.25,Petrol,Dealer,Manual,2015.0,5.9,14465.0,0.0,4060225.0,11888.5,29146975.0,0.0,34.81,85343.5,0.0,209236225.0,0.0,0.0,17325512.69357143,53747697.36447688
city,2.1,Petrol,Dealer,Manual,2006.0,7.6,50456.0,0.0,4024036.0,15245.599999999999,101214736.0,0.0,57.76,383465.6,0.0,2545807936.0,0.0,0.0,189392710.46857142,654065550.9731388
city,8.25,Diesel,Dealer,Manual,2014.0,14.0,63000.0,0.0,4056196.0,28196.0,126882000.0,0.0,196.0,882000.0,0.0,3969000000.0,0.0,0.0,292922401.14285713,1020078001.7116319
city,8.99,Petrol,Dealer,Manual,2016.0,11.8,9010.0,0.0,4064256.0,23788.800000000003,18164160.0,0.0,139.24,106318.0,0.0,81180100.0,0.0,0.0,7396414.274285714,20994520.13264608
brio,3.5,Petrol,Dealer,Manual,2013.0,5.9,9800.0,0.0,4052169.0,11876.7,19727400.0,0.0,34.81,57820.0,0.0,96040000.0,0.0,0.0,8564365.672142858,24788243.955466174
jazz,7.4,Petrol,Dealer,Automatic,2016.0,8.5,15059.0,0.0,4064256.0,17136.0,30358944.0,0.0,72.25,128001.5,0.0,226773481.0,0.0,0.0,18668498.160714287,58239182.14771323
jazz,5.65,Petrol,Dealer,Manual,2016.0,7.9,28569.0,0.0,4064256.0,15926.400000000001,57595104.0,0.0,62.410000000000004,225695.1,0.0,816187761.0,0.0,0.0,62722814.12928571,209492261.6415742
amaze,5.75,Petrol,Dealer,Automatic,2015.0,7.5,44000.0,0.0,4060225.0,15112.5,88660000.0,0.0,56.25,330000.0,0.0,1936000000.0,0.0,0.0,144936529.73214287,497269747.5059152
city,8.4,Petrol,Dealer,Manual,2015.0,13.6,34000.0,0.0,4060225.0,27404.0,68510000.0,0.0,184.95999999999998,462400.0,0.0,1156000000.0,0.0,0.0,87792588.75428571,296785249.47575146
city,10.11,Petrol,Dealer,Manual,2016.0,13.6,10980.0,0.0,4064256.0,27417.6,22135680.0,0.0,184.95999999999998,149328.0,0.0,120560400.0,0.0,0.0,10496448.297142858,31051666.33822578
amaze,4.5,Petrol,Dealer,Manual,2014.0,6.4,19000.0,0.0,4056196.0,12889.6,38266000.0,0.0,40.96000000000001,121600.0,0.0,361000000.0,0.0,0.0,28819839.068571426,92648949.98426399
brio,5.4,Petrol,Dealer,Manual,2015.0,6.1,31427.0,0.0,4060225.0,12291.5,63325405.0,0.0,37.209999999999994,191704.69999999998,0.0,987656329.0,0.0,0.0,75377102.89357142,253538916.07234007
jazz,6.4,Petrol,Dealer,Manual,2016.0,8.4,12000.0,0.0,4064256.0,16934.4,24192000.0,0.0,70.56,100800.0,0.0,144000000.0,0.0,0.0,12313434.668571427,37047355.99742218
city,3.25,Petrol,Dealer,Manual,2010.0,9.9,38000.0,0.0,4040100.0,19899.0,76380000.0,0.0,98.01,376200.0,0.0,1444000000.0,0.0,0.0,108918308.3507143,370800446.8774018
amaze,3.75,Petrol,Dealer,Manual,2014.0,6.8,33019.0,0.0,4056196.0,13695.199999999999,66500266.0,0.0,46.239999999999995,224529.19999999998,0.0,1090254361.0,0.0,0.0,82934580.96000001,279897855.78373575
city,8.55,Diesel,Dealer,Manual,2015.0,13.09,60076.0,0.0,4060225.0,26376.35,121053140.0,0.0,171.3481,786394.84,0.0,3609125776.0,0.0,0.0,266793870.54486427,927514122.6032991
city,9.5,Diesel,Dealer,Manual,2016.0,11.6,33988.0,0.0,4064256.0,23385.6,68519808.0,0.0,134.56,394260.8,0.0,1155184144.0,0.0,0.0,87730143.18285714,296576893.6237941
brio,4.0,Petrol,Dealer,Manual,2015.0,5.9,60000.0,0.0,4060225.0,11888.5,120900000.0,0.0,34.81,354000.0,0.0,3600000000.0,0.0,0.0,266099154.94357142,925176075.1656523
city,3.35,Petrol,Dealer,Manual,2009.0,11.0,87934.0,0.0,4036081.0,22099.0,176659406.0,0.0,121.0,967274.0,0.0,7732388356.0,0.0,0.0,565297377.9285715,1988308680.2359982
city,11.5,Diesel,Dealer,Manual,2017.0,12.5,9000.0,0.0,4068289.0,25212.5,18153000.0,0.0,156.25,112500.0,0.0,81000000.0,0.0,0.0,7383584.803571428,20948667.222657632
brio,5.3,Petrol,Dealer,Manual,2016.0,5.9,5464.0,0.0,4064256.0,11894.400000000001,11015424.0,0.0,34.81,32237.600000000002,0.0,29855296.0,0.0,0.0,3213330.6221428574,7949127.288219927
